INSERT INTO `Questor`.`MARCA` (`ID_MARCA`, `DESCRICAO`) VALUES (1, 'TAIF');
INSERT INTO `Questor`.`MARCA` (`ID_MARCA`, `DESCRICAO`) VALUES (2, 'FIAT');
INSERT INTO `Questor`.`MARCA` (`ID_MARCA`, `DESCRICAO`) VALUES (3, 'GM CHEVROLET');
INSERT INTO `Questor`.`MARCA` (`ID_MARCA`, `DESCRICAO`) VALUES (4, 'VOLKSWAGEM');
INSERT INTO `Questor`.`MARCA` (`ID_MARCA`, `DESCRICAO`) VALUES (5, 'VOLVO');
INSERT INTO `Questor`.`MARCA` (`ID_MARCA`, `DESCRICAO`) VALUES (6, 'FORD');
INSERT INTO `Questor`.`MARCA` (`ID_MARCA`, `DESCRICAO`) VALUES (7, 'TOYOTA');
INSERT INTO `Questor`.`MARCA` (`ID_MARCA`, `DESCRICAO`) VALUES (8, 'HONDA');
INSERT INTO `Questor`.`MARCA` (`ID_MARCA`, `DESCRICAO`) VALUES (9, 'NISSAN');
INSERT INTO `Questor`.`MARCA` (`ID_MARCA`, `DESCRICAO`) VALUES (10, 'RENAULT');
INSERT INTO `Questor`.`MARCA` (`ID_MARCA`, `DESCRICAO`) VALUES (11, 'PEUGEOT');
INSERT INTO `Questor`.`MARCA` (`ID_MARCA`, `DESCRICAO`) VALUES (12, 'CITROËN');
INSERT INTO `Questor`.`MARCA` (`ID_MARCA`, `DESCRICAO`) VALUES (13, 'MERCEDES-BENZ');
INSERT INTO `Questor`.`MARCA` (`ID_MARCA`, `DESCRICAO`) VALUES (14, 'BMW');
INSERT INTO `Questor`.`MARCA` (`ID_MARCA`, `DESCRICAO`) VALUES (15, 'AUDI');
INSERT INTO `Questor`.`MARCA` (`ID_MARCA`, `DESCRICAO`) VALUES (16, 'HYUNDAI');
INSERT INTO `Questor`.`MARCA` (`ID_MARCA`, `DESCRICAO`) VALUES (17, 'KIA');
INSERT INTO `Questor`.`MARCA` (`ID_MARCA`, `DESCRICAO`) VALUES (18, 'JEEP');
INSERT INTO `Questor`.`MARCA` (`ID_MARCA`, `DESCRICAO`) VALUES (19, 'LAND ROVER');
INSERT INTO `Questor`.`MARCA` (`ID_MARCA`, `DESCRICAO`) VALUES (20, 'CHERY');
INSERT INTO `Questor`.`MARCA` (`ID_MARCA`, `DESCRICAO`) VALUES (21, 'SUZUKI');
INSERT INTO `Questor`.`MARCA` (`ID_MARCA`, `DESCRICAO`) VALUES (22, 'MITSUBISHI');
INSERT INTO `Questor`.`MARCA` (`ID_MARCA`, `DESCRICAO`) VALUES (23, 'TESLA');
INSERT INTO `Questor`.`MARCA` (`ID_MARCA`, `DESCRICAO`) VALUES (24, 'SUBARU');
INSERT INTO `Questor`.`MARCA` (`ID_MARCA`, `DESCRICAO`) VALUES (25, 'PORSCHE');
INSERT INTO `Questor`.`MARCA` (`ID_MARCA`, `DESCRICAO`) VALUES (26, 'JAGUAR');
INSERT INTO `Questor`.`MARCA` (`ID_MARCA`, `DESCRICAO`) VALUES (27, 'LEXUS');
INSERT INTO `Questor`.`MARCA` (`ID_MARCA`, `DESCRICAO`) VALUES (28, 'DODGE');
INSERT INTO `Questor`.`MARCA` (`ID_MARCA`, `DESCRICAO`) VALUES (29, 'CHRYSLER');
INSERT INTO `Questor`.`MARCA` (`ID_MARCA`, `DESCRICAO`) VALUES (30, 'RAM');
INSERT INTO `Questor`.`MARCA` (`ID_MARCA`, `DESCRICAO`) VALUES (31, 'ALFA ROMEO');
INSERT INTO `Questor`.`MARCA` (`ID_MARCA`, `DESCRICAO`) VALUES (32, 'MASERATI');
INSERT INTO `Questor`.`MARCA` (`ID_MARCA`, `DESCRICAO`) VALUES (33, 'FERRARI');
INSERT INTO `Questor`.`MARCA` (`ID_MARCA`, `DESCRICAO`) VALUES (34, 'LAMBORGHINI');
INSERT INTO `Questor`.`MARCA` (`ID_MARCA`, `DESCRICAO`) VALUES (35, 'ASTON MARTIN');
INSERT INTO `Questor`.`MARCA` (`ID_MARCA`, `DESCRICAO`) VALUES (36, 'BENTLEY');
INSERT INTO `Questor`.`MARCA` (`ID_MARCA`, `DESCRICAO`) VALUES (37, 'ROLLS-ROYCE');
INSERT INTO `Questor`.`MARCA` (`ID_MARCA`, `DESCRICAO`) VALUES (38, 'BUGATTI');
INSERT INTO `Questor`.`MARCA` (`ID_MARCA`, `DESCRICAO`) VALUES (39, 'McLAREN');
INSERT INTO `Questor`.`MARCA` (`ID_MARCA`, `DESCRICAO`) VALUES (40, 'SSANGYONG');
INSERT INTO `Questor`.`MARCA` (`ID_MARCA`, `DESCRICAO`) VALUES (41, 'SEAT');
INSERT INTO `Questor`.`MARCA` (`ID_MARCA`, `DESCRICAO`) VALUES (42, 'SKODA');
INSERT INTO `Questor`.`MARCA` (`ID_MARCA`, `DESCRICAO`) VALUES (43, 'TROLLER');
INSERT INTO `Questor`.`MARCA` (`ID_MARCA`, `DESCRICAO`) VALUES (44, 'BYD');
INSERT INTO `Questor`.`MARCA` (`ID_MARCA`, `DESCRICAO`) VALUES (45, 'GEELY');
INSERT INTO `Questor`.`MARCA` (`ID_MARCA`, `DESCRICAO`) VALUES (46, 'MG');
INSERT INTO `Questor`.`MARCA` (`ID_MARCA`, `DESCRICAO`) VALUES (47, 'GREAT WALL');
INSERT INTO `Questor`.`MARCA` (`ID_MARCA`, `DESCRICAO`) VALUES (48, 'HAVAL');
INSERT INTO `Questor`.`MARCA` (`ID_MARCA`, `DESCRICAO`) VALUES (49, 'LINCOLN');
INSERT INTO `Questor`.`MARCA` (`ID_MARCA`, `DESCRICAO`) VALUES (50, 'GENESIS');

INSERT INTO `Questor`.`MODELO` (`ID_MODELO`, `DESCRICAO`, `LANCAMENTO`, `ID_MARCA`) VALUES (1, 'MAREA', '2008-01-01', 1);
INSERT INTO `Questor`.`MODELO` (`ID_MODELO`, `DESCRICAO`, `LANCAMENTO`, `ID_MARCA`) VALUES (2, 'UNO', '2000-01-01', 1);
INSERT INTO `Questor`.`MODELO` (`ID_MODELO`, `DESCRICAO`, `LANCAMENTO`, `ID_MARCA`) VALUES (3, 'PALIO', '2004-05-01', 1);
INSERT INTO `Questor`.`MODELO` (`ID_MODELO`, `DESCRICAO`, `LANCAMENTO`, `ID_MARCA`) VALUES (4, 'SIENA', '2007-10-01', 1);
INSERT INTO `Questor`.`MODELO` (`ID_MODELO`, `DESCRICAO`, `LANCAMENTO`, `ID_MARCA`) VALUES (5, 'PUNTO', '2010-03-01', 1);

INSERT INTO `Questor`.`MODELO` (`ID_MODELO`, `DESCRICAO`, `LANCAMENTO`, `ID_MARCA`) VALUES (6, 'ONIX', '2012-01-01', 3);
INSERT INTO `Questor`.`MODELO` (`ID_MODELO`, `DESCRICAO`, `LANCAMENTO`, `ID_MARCA`) VALUES (7, 'CELTA', '2001-03-01', 3);
INSERT INTO `Questor`.`MODELO` (`ID_MODELO`, `DESCRICAO`, `LANCAMENTO`, `ID_MARCA`) VALUES (8, 'CORSA', '1994-01-01', 3);
INSERT INTO `Questor`.`MODELO` (`ID_MODELO`, `DESCRICAO`, `LANCAMENTO`, `ID_MARCA`) VALUES (9, 'CRUZE', '2015-06-01', 3);
INSERT INTO `Questor`.`MODELO` (`ID_MODELO`, `DESCRICAO`, `LANCAMENTO`, `ID_MARCA`) VALUES (10, 'SPIN', '2018-01-01', 3);

INSERT INTO `Questor`.`MODELO` (`ID_MODELO`, `DESCRICAO`, `LANCAMENTO`, `ID_MARCA`) VALUES (11, 'GOL', '1980-01-01', 4);
INSERT INTO `Questor`.`MODELO` (`ID_MODELO`, `DESCRICAO`, `LANCAMENTO`, `ID_MARCA`) VALUES (12, 'POLO', '2002-01-01', 4);
INSERT INTO `Questor`.`MODELO` (`ID_MODELO`, `DESCRICAO`, `LANCAMENTO`, `ID_MARCA`) VALUES (13, 'JETTA', '2007-01-01', 4);
INSERT INTO `Questor`.`MODELO` (`ID_MODELO`, `DESCRICAO`, `LANCAMENTO`, `ID_MARCA`) VALUES (14, 'PASSAT', '1974-01-01', 4);
INSERT INTO `Questor`.`MODELO` (`ID_MODELO`, `DESCRICAO`, `LANCAMENTO`, `ID_MARCA`) VALUES (15, 'FOX', '2004-01-01', 4);

INSERT INTO `Questor`.`MODELO` (`ID_MODELO`, `DESCRICAO`, `LANCAMENTO`, `ID_MARCA`) VALUES (16, 'XC60', '2017-06-01', 5);
INSERT INTO `Questor`.`MODELO` (`ID_MODELO`, `DESCRICAO`, `LANCAMENTO`, `ID_MARCA`) VALUES (17, 'XC90', '2002-09-01', 5);
INSERT INTO `Questor`.`MODELO` (`ID_MODELO`, `DESCRICAO`, `LANCAMENTO`, `ID_MARCA`) VALUES (18, 'S60', '2000-01-01', 5);
INSERT INTO `Questor`.`MODELO` (`ID_MODELO`, `DESCRICAO`, `LANCAMENTO`, `ID_MARCA`) VALUES (19, 'V40', '1995-01-01', 5);
INSERT INTO `Questor`.`MODELO` (`ID_MODELO`, `DESCRICAO`, `LANCAMENTO`, `ID_MARCA`) VALUES (20, 'V60', '2011-03-01', 5);

INSERT INTO `Questor`.`MODELO` (`ID_MODELO`, `DESCRICAO`, `LANCAMENTO`, `ID_MARCA`) VALUES (21, 'FOCUS', '1998-03-01', 6);
INSERT INTO `Questor`.`MODELO` (`ID_MODELO`, `DESCRICAO`, `LANCAMENTO`, `ID_MARCA`) VALUES (22, 'FIESTA', '1995-04-01', 6);
INSERT INTO `Questor`.`MODELO` (`ID_MODELO`, `DESCRICAO`, `LANCAMENTO`, `ID_MARCA`) VALUES (23, 'ECOSPORT', '2003-01-01', 6);
INSERT INTO `Questor`.`MODELO` (`ID_MODELO`, `DESCRICAO`, `LANCAMENTO`, `ID_MARCA`) VALUES (24, 'KA', '1997-01-01', 6);
INSERT INTO `Questor`.`MODELO` (`ID_MODELO`, `DESCRICAO`, `LANCAMENTO`, `ID_MARCA`) VALUES (25, 'RANGER', '1998-01-01', 6);

INSERT INTO `Questor`.`MODELO` (`ID_MODELO`, `DESCRICAO`, `LANCAMENTO`, `ID_MARCA`) VALUES (26, 'COROLLA', '1966-05-01', 7);
INSERT INTO `Questor`.`MODELO` (`ID_MODELO`, `DESCRICAO`, `LANCAMENTO`, `ID_MARCA`) VALUES (27, 'HILUX', '1968-03-01', 7);
INSERT INTO `Questor`.`MODELO` (`ID_MODELO`, `DESCRICAO`, `LANCAMENTO`, `ID_MARCA`) VALUES (28, 'ETIOS', '2010-01-01', 7);
INSERT INTO `Questor`.`MODELO` (`ID_MODELO`, `DESCRICAO`, `LANCAMENTO`, `ID_MARCA`) VALUES (29, 'YARIS', '1999-03-01', 7);
INSERT INTO `Questor`.`MODELO` (`ID_MODELO`, `DESCRICAO`, `LANCAMENTO`, `ID_MARCA`) VALUES (30, 'RAV4', '1994-01-01', 7);

INSERT INTO `Questor`.`MODELO` (`ID_MODELO`, `DESCRICAO`, `LANCAMENTO`, `ID_MARCA`) VALUES (31, 'CIVIC', '1972-01-01', 8);
INSERT INTO `Questor`.`MODELO` (`ID_MODELO`, `DESCRICAO`, `LANCAMENTO`, `ID_MARCA`) VALUES (32, 'FIT', '2001-06-01', 8);
INSERT INTO `Questor`.`MODELO` (`ID_MODELO`, `DESCRICAO`, `LANCAMENTO`, `ID_MARCA`) VALUES (33, 'CITY', '1996-01-01', 8);
INSERT INTO `Questor`.`MODELO` (`ID_MODELO`, `DESCRICAO`, `LANCAMENTO`, `ID_MARCA`) VALUES (34, 'CR-V', '1995-01-01', 8);
INSERT INTO `Questor`.`MODELO` (`ID_MODELO`, `DESCRICAO`, `LANCAMENTO`, `ID_MARCA`) VALUES (35, 'HR-V', '2014-09-01', 8);

INSERT INTO `Questor`.`MODELO` (`ID_MODELO`, `DESCRICAO`, `LANCAMENTO`, `ID_MARCA`) VALUES (36, 'KICKS', '2016-01-01', 9);
INSERT INTO `Questor`.`MODELO` (`ID_MODELO`, `DESCRICAO`, `LANCAMENTO`, `ID_MARCA`) VALUES (37, 'VERSA', '2011-01-01', 9);
INSERT INTO `Questor`.`MODELO` (`ID_MODELO`, `DESCRICAO`, `LANCAMENTO`, `ID_MARCA`) VALUES (38, 'SENTRA', '1982-01-01', 9);
INSERT INTO `Questor`.`MODELO` (`ID_MODELO`, `DESCRICAO`, `LANCAMENTO`, `ID_MARCA`) VALUES (39, 'FRONTIER', '1997-01-01', 9);
INSERT INTO `Questor`.`MODELO` (`ID_MODELO`, `DESCRICAO`, `LANCAMENTO`, `ID_MARCA`) VALUES (40, 'MARCH', '1982-01-01', 9);

INSERT INTO `Questor`.`MODELO` (`ID_MODELO`, `DESCRICAO`, `LANCAMENTO`, `ID_MARCA`) VALUES (41, 'KWID', '2015-01-01', 10);
INSERT INTO `Questor`.`MODELO` (`ID_MODELO`, `DESCRICAO`, `LANCAMENTO`, `ID_MARCA`) VALUES (42, 'DUSTER', '2010-01-01', 10);
INSERT INTO `Questor`.`MODELO` (`ID_MODELO`, `DESCRICAO`, `LANCAMENTO`, `ID_MARCA`) VALUES (43, 'SANDERO', '2007-01-01', 10);
INSERT INTO `Questor`.`MODELO` (`ID_MODELO`, `DESCRICAO`, `LANCAMENTO`, `ID_MARCA`) VALUES (44, 'LOGAN', '2004-01-01', 10);
INSERT INTO `Questor`.`MODELO` (`ID_MODELO`, `DESCRICAO`, `LANCAMENTO`, `ID_MARCA`) VALUES (45, 'CAPTUR', '2013-01-01', 10);

INSERT INTO `Questor`.`MODELO` (`ID_MODELO`, `DESCRICAO`, `LANCAMENTO`, `ID_MARCA`) VALUES (46, 'VIRTUS', '2021-02-01', 4);
INSERT INTO `Questor`.`MODELO` (`ID_MODELO`, `DESCRICAO`, `LANCAMENTO`, `ID_MARCA`) VALUES (47, 'MOBI', '2021-03-01', 1);
INSERT INTO `Questor`.`MODELO` (`ID_MODELO`, `DESCRICAO`, `LANCAMENTO`, `ID_MARCA`) VALUES (48, 'BRONCO', '2021-06-01', 6);
INSERT INTO `Questor`.`MODELO` (`ID_MODELO`, `DESCRICAO`, `LANCAMENTO`, `ID_MARCA`) VALUES (49, 'ECLIPSE CROSS', '2021-08-01', 4);
INSERT INTO `Questor`.`MODELO` (`ID_MODELO`, `DESCRICAO`, `LANCAMENTO`, `ID_MARCA`) VALUES (50, 'VULKAN', '2021-09-01', 7);

INSERT INTO `Questor`.`MODELO` (`ID_MODELO`, `DESCRICAO`, `LANCAMENTO`, `ID_MARCA`) VALUES (51, 'TORO', '2021-02-01', 2);
INSERT INTO `Questor`.`MODELO` (`ID_MODELO`, `DESCRICAO`, `LANCAMENTO`, `ID_MARCA`) VALUES (52, 'FREELANDER', '2021-03-01', 3);
INSERT INTO `Questor`.`MODELO` (`ID_MODELO`, `DESCRICAO`, `LANCAMENTO`, `ID_MARCA`) VALUES (53, 'CIVIC SI', '2021-04-01', 8);
INSERT INTO `Questor`.`MODELO` (`ID_MODELO`, `DESCRICAO`, `LANCAMENTO`, `ID_MARCA`) VALUES (54, 'KICKS E-POWER', '2021-06-01', 9);
INSERT INTO `Questor`.`MODELO` (`ID_MODELO`, `DESCRICAO`, `LANCAMENTO`, `ID_MARCA`) VALUES (55, 'RAV4 HYBRID', '2021-07-01', 7);
INSERT INTO `Questor`.`MODELO` (`ID_MODELO`, `DESCRICAO`, `LANCAMENTO`, `ID_MARCA`) VALUES (56, 'NAZA', '2021-06-01', 10);
INSERT INTO `Questor`.`MODELO` (`ID_MODELO`, `DESCRICAO`, `LANCAMENTO`, `ID_MARCA`) VALUES (57, 'LOGAN ELÉTRICO', '2021-07-01', 10);
INSERT INTO `Questor`.`MODELO` (`ID_MODELO`, `DESCRICAO`, `LANCAMENTO`, `ID_MARCA`) VALUES (58, 'VEGA', '2021-08-01', 3);
INSERT INTO `Questor`.`MODELO` (`ID_MODELO`, `DESCRICAO`, `LANCAMENTO`, `ID_MARCA`) VALUES (59, 'MERCEDES EQB', '2021-09-01', 5);
INSERT INTO `Questor`.`MODELO` (`ID_MODELO`, `DESCRICAO`, `LANCAMENTO`, `ID_MARCA`) VALUES (60, 'JEEP COMPASS 2021', '2021-10-01', 6);

INSERT INTO `Questor`.`CLIENTE` (`ID_CLIENTE`, `NOME`, `CPF`) VALUES (1, 'CRISTYAN SCHABARUM', '111.737.459-98');
INSERT INTO `Questor`.`CLIENTE` (`ID_CLIENTE`, `NOME`, `CPF`) VALUES (2, 'MARIA DOS SANTOS', '222.333.444-55');
INSERT INTO `Questor`.`CLIENTE` (`ID_CLIENTE`, `NOME`, `CPF`) VALUES (3, 'JOÃO SILVA', '333.444.555-66');
INSERT INTO `Questor`.`CLIENTE` (`ID_CLIENTE`, `NOME`, `CPF`) VALUES (4, 'ANA CAROLINA MORAES', '444.555.666-77');
INSERT INTO `Questor`.`CLIENTE` (`ID_CLIENTE`, `NOME`, `CPF`) VALUES (5, 'PEDRO HENRIQUE SOUZA', '555.666.777-88');
INSERT INTO `Questor`.`CLIENTE` (`ID_CLIENTE`, `NOME`, `CPF`) VALUES (6, 'LUCAS ALMEIDA', '666.777.888-99');
INSERT INTO `Questor`.`CLIENTE` (`ID_CLIENTE`, `NOME`, `CPF`) VALUES (7, 'CARLA PEREIRA', '777.888.999-11');
INSERT INTO `Questor`.`CLIENTE` (`ID_CLIENTE`, `NOME`, `CPF`) VALUES (8, 'FERNANDO RODRIGUES', '888.999.111-22');
INSERT INTO `Questor`.`CLIENTE` (`ID_CLIENTE`, `NOME`, `CPF`) VALUES (9, 'JULIA COSTA', '999.111.222-33');
INSERT INTO `Questor`.`CLIENTE` (`ID_CLIENTE`, `NOME`, `CPF`) VALUES (10, 'BRUNO MARTINS', '111.222.333-44');
INSERT INTO `Questor`.`CLIENTE` (`ID_CLIENTE`, `NOME`, `CPF`) VALUES (11, 'LUANA LIMA', '222.444.555-66');
INSERT INTO `Questor`.`CLIENTE` (`ID_CLIENTE`, `NOME`, `CPF`) VALUES (12, 'RAFAEL BARBOSA', '333.555.666-77');
INSERT INTO `Questor`.`CLIENTE` (`ID_CLIENTE`, `NOME`, `CPF`) VALUES (13, 'BEATRIZ MONTEIRO', '444.666.777-88');
INSERT INTO `Questor`.`CLIENTE` (`ID_CLIENTE`, `NOME`, `CPF`) VALUES (14, 'MARCOS FREITAS', '555.777.888-99');
INSERT INTO `Questor`.`CLIENTE` (`ID_CLIENTE`, `NOME`, `CPF`) VALUES (15, 'SABRINA OLIVEIRA', '666.888.999-11');
INSERT INTO `Questor`.`CLIENTE` (`ID_CLIENTE`, `NOME`, `CPF`) VALUES (16, 'ANDRÉ LUCAS', '777.999.111-22');
INSERT INTO `Questor`.`CLIENTE` (`ID_CLIENTE`, `NOME`, `CPF`) VALUES (17, 'PAULA GONÇALVES', '888.111.222-33');
INSERT INTO `Questor`.`CLIENTE` (`ID_CLIENTE`, `NOME`, `CPF`) VALUES (18, 'RODRIGO SOARES', '999.222.333-44');
INSERT INTO `Questor`.`CLIENTE` (`ID_CLIENTE`, `NOME`, `CPF`) VALUES (19, 'CAMILA DUARTE', '111.333.444-55');
INSERT INTO `Questor`.`CLIENTE` (`ID_CLIENTE`, `NOME`, `CPF`) VALUES (20, 'RENATO LOPES', '222.555.666-77');
INSERT INTO `Questor`.`CLIENTE` (`ID_CLIENTE`, `NOME`, `CPF`) VALUES (21, 'ISABELLA TORRES', '333.666.777-88');
INSERT INTO `Questor`.`CLIENTE` (`ID_CLIENTE`, `NOME`, `CPF`) VALUES (22, 'FELIPE NUNES', '444.777.888-99');
INSERT INTO `Questor`.`CLIENTE` (`ID_CLIENTE`, `NOME`, `CPF`) VALUES (23, 'ALINE SILVEIRA', '555.888.999-11');
INSERT INTO `Questor`.`CLIENTE` (`ID_CLIENTE`, `NOME`, `CPF`) VALUES (24, 'TIAGO ALVES', '666.999.111-22');
INSERT INTO `Questor`.`CLIENTE` (`ID_CLIENTE`, `NOME`, `CPF`) VALUES (25, 'CÁSSIA FERREIRA', '777.111.222-33');
INSERT INTO `Questor`.`CLIENTE` (`ID_CLIENTE`, `NOME`, `CPF`) VALUES (26, 'VITOR TEIXEIRA', '888.222.333-44');
INSERT INTO `Questor`.`CLIENTE` (`ID_CLIENTE`, `NOME`, `CPF`) VALUES (27, 'NATALIA RIBEIRO', '999.333.444-55');
INSERT INTO `Questor`.`CLIENTE` (`ID_CLIENTE`, `NOME`, `CPF`) VALUES (28, 'DANIEL LIMA', '111.444.555-66');
INSERT INTO `Questor`.`CLIENTE` (`ID_CLIENTE`, `NOME`, `CPF`) VALUES (29, 'MÔNICA MENDES', '222.666.777-88');
INSERT INTO `Questor`.`CLIENTE` (`ID_CLIENTE`, `NOME`, `CPF`) VALUES (30, 'RAQUEL AMARAL', '333.777.888-99');
INSERT INTO `Questor`.`CLIENTE` (`ID_CLIENTE`, `NOME`, `CPF`) VALUES (31, 'JORGE MELO', '444.888.999-11');
INSERT INTO `Questor`.`CLIENTE` (`ID_CLIENTE`, `NOME`, `CPF`) VALUES (32, 'ELISANGELA SANTANA', '555.999.111-22');
INSERT INTO `Questor`.`CLIENTE` (`ID_CLIENTE`, `NOME`, `CPF`) VALUES (33, 'RICARDO BATISTA', '666.111.222-33');
INSERT INTO `Questor`.`CLIENTE` (`ID_CLIENTE`, `NOME`, `CPF`) VALUES (34, 'BRUNA ALBUQUERQUE', '777.222.333-44');
INSERT INTO `Questor`.`CLIENTE` (`ID_CLIENTE`, `NOME`, `CPF`) VALUES (35, 'ALAN TAVARES', '888.333.444-55');
INSERT INTO `Questor`.`CLIENTE` (`ID_CLIENTE`, `NOME`, `CPF`) VALUES (36, 'FABÍOLA RODRIGUES', '999.444.555-66');
INSERT INTO `Questor`.`CLIENTE` (`ID_CLIENTE`, `NOME`, `CPF`) VALUES (37, 'MÁRCIA PIMENTA', '111.555.666-77');
INSERT INTO `Questor`.`CLIENTE` (`ID_CLIENTE`, `NOME`, `CPF`) VALUES (38, 'GABRIEL MOREIRA', '222.777.888-99');
INSERT INTO `Questor`.`CLIENTE` (`ID_CLIENTE`, `NOME`, `CPF`) VALUES (39, 'LUCIANA NEVES', '333.888.999-11');
INSERT INTO `Questor`.`CLIENTE` (`ID_CLIENTE`, `NOME`, `CPF`) VALUES (40, 'HENRIQUE ARAGÃO', '444.999.111-22');
INSERT INTO `Questor`.`CLIENTE` (`ID_CLIENTE`, `NOME`, `CPF`) VALUES (41, 'VANESSA PIRES', '555.111.222-33');
INSERT INTO `Questor`.`CLIENTE` (`ID_CLIENTE`, `NOME`, `CPF`) VALUES (42, 'AUGUSTO MACHADO', '666.222.333-44');
INSERT INTO `Questor`.`CLIENTE` (`ID_CLIENTE`, `NOME`, `CPF`) VALUES (43, 'KARINA PASSOS', '777.333.444-55');
INSERT INTO `Questor`.`CLIENTE` (`ID_CLIENTE`, `NOME`, `CPF`) VALUES (44, 'SERGIO BORGES', '888.444.555-66');
INSERT INTO `Questor`.`CLIENTE` (`ID_CLIENTE`, `NOME`, `CPF`) VALUES (45, 'MARIANA FONTES', '999.555.666-77');
INSERT INTO `Questor`.`CLIENTE` (`ID_CLIENTE`, `NOME`, `CPF`) VALUES (46, 'GUSTAVO COUTINHO', '111.666.777-88');
INSERT INTO `Questor`.`CLIENTE` (`ID_CLIENTE`, `NOME`, `CPF`) VALUES (47, 'MARIA LUÍZA SOARES', '023.456.789-12');
INSERT INTO `Questor`.`CLIENTE` (`ID_CLIENTE`, `NOME`, `CPF`) VALUES (48, 'CARLOS EDUARDO ALVES', '034.567.890-23');
INSERT INTO `Questor`.`CLIENTE` (`ID_CLIENTE`, `NOME`, `CPF`) VALUES (49, 'ANA PAULA SANTOS', '045.678.901-34');
INSERT INTO `Questor`.`CLIENTE` (`ID_CLIENTE`, `NOME`, `CPF`) VALUES (50, 'VITORIA LIMA', '056.789.012-45');
INSERT INTO `Questor`.`CLIENTE` (`ID_CLIENTE`, `NOME`, `CPF`) VALUES (51, 'FELIPE GOMES', '067.890.123-56');
INSERT INTO `Questor`.`CLIENTE` (`ID_CLIENTE`, `NOME`, `CPF`) VALUES (52, 'RAFAEL DOS SANTOS', '078.901.234-67');
INSERT INTO `Questor`.`CLIENTE` (`ID_CLIENTE`, `NOME`, `CPF`) VALUES (53, 'ISABELA COSTA', '089.012.345-78');
INSERT INTO `Questor`.`CLIENTE` (`ID_CLIENTE`, `NOME`, `CPF`) VALUES (54, 'FERNANDO PEREIRA', '090.123.456-89');
INSERT INTO `Questor`.`CLIENTE` (`ID_CLIENTE`, `NOME`, `CPF`) VALUES (55, 'MÁRCIO FERNANDES', '101.234.567-90');
INSERT INTO `Questor`.`CLIENTE` (`ID_CLIENTE`, `NOME`, `CPF`) VALUES (56, 'GUILHERME MENDES', '112.345.678-01');
INSERT INTO `Questor`.`CLIENTE` (`ID_CLIENTE`, `NOME`, `CPF`) VALUES (57, 'RITA ALMEIDA', '123.456.789-12');
INSERT INTO `Questor`.`CLIENTE` (`ID_CLIENTE`, `NOME`, `CPF`) VALUES (58, 'LEONARDO BARBOSA', '134.567.890-23');
INSERT INTO `Questor`.`CLIENTE` (`ID_CLIENTE`, `NOME`, `CPF`) VALUES (59, 'SANDRA SOUZA', '145.678.901-34');
INSERT INTO `Questor`.`CLIENTE` (`ID_CLIENTE`, `NOME`, `CPF`) VALUES (60, 'ALEXANDRE CUNHA', '156.789.012-45');
INSERT INTO `Questor`.`CLIENTE` (`ID_CLIENTE`, `NOME`, `CPF`) VALUES (61, 'LUIZA ALVES', '167.890.123-56');
INSERT INTO `Questor`.`CLIENTE` (`ID_CLIENTE`, `NOME`, `CPF`) VALUES (62, 'PAULO HENRIQUE SILVA', '178.901.234-67');
INSERT INTO `Questor`.`CLIENTE` (`ID_CLIENTE`, `NOME`, `CPF`) VALUES (63, 'MARCELA LIMA', '189.012.345-78');
INSERT INTO `Questor`.`CLIENTE` (`ID_CLIENTE`, `NOME`, `CPF`) VALUES (64, 'ANDRÉ GOMES', '190.123.456-89');
INSERT INTO `Questor`.`CLIENTE` (`ID_CLIENTE`, `NOME`, `CPF`) VALUES (65, 'TATIANA SOARES', '201.234.567-90');
INSERT INTO `Questor`.`CLIENTE` (`ID_CLIENTE`, `NOME`, `CPF`) VALUES (66, 'JOSÉ CARLOS PEREIRA', '012.345.678-91');

INSERT INTO `Questor`.`VENDA` (`ID_VENDA`, `VL_TOTAL`, `DATA_VENDA`, `ID_CLIENTE`) VALUES (51, 11400.00, '2023-11-01', 48);
INSERT INTO `Questor`.`VENDA` (`ID_VENDA`, `VL_TOTAL`, `DATA_VENDA`, `ID_CLIENTE`) VALUES (52, 11500.00, '2023-12-01', 49);
INSERT INTO `Questor`.`VENDA` (`ID_VENDA`, `VL_TOTAL`, `DATA_VENDA`, `ID_CLIENTE`) VALUES (53, 13200.00, '2022-05-01', 50);
INSERT INTO `Questor`.`VENDA` (`ID_VENDA`, `VL_TOTAL`, `DATA_VENDA`, `ID_CLIENTE`) VALUES (54, 10800.00, '2023-02-15', 51);
INSERT INTO `Questor`.`VENDA` (`ID_VENDA`, `VL_TOTAL`, `DATA_VENDA`, `ID_CLIENTE`) VALUES (55, 13500.00, '2023-03-22', 52);
INSERT INTO `Questor`.`VENDA` (`ID_VENDA`, `VL_TOTAL`, `DATA_VENDA`, `ID_CLIENTE`) VALUES (56, 12900.00, '2023-06-10', 53);
INSERT INTO `Questor`.`VENDA` (`ID_VENDA`, `VL_TOTAL`, `DATA_VENDA`, `ID_CLIENTE`) VALUES (57, 14200.00, '2023-07-18', 54);
INSERT INTO `Questor`.`VENDA` (`ID_VENDA`, `VL_TOTAL`, `DATA_VENDA`, `ID_CLIENTE`) VALUES (58, 12200.00, '2022-11-01', 55);
INSERT INTO `Questor`.`VENDA` (`ID_VENDA`, `VL_TOTAL`, `DATA_VENDA`, `ID_CLIENTE`) VALUES (59, 13700.00, '2023-04-10', 56);
INSERT INTO `Questor`.`VENDA` (`ID_VENDA`, `VL_TOTAL`, `DATA_VENDA`, `ID_CLIENTE`) VALUES (60, 14600.00, '2023-01-19', 57);
INSERT INTO `Questor`.`VENDA` (`ID_VENDA`, `VL_TOTAL`, `DATA_VENDA`, `ID_CLIENTE`) VALUES (61, 15200.00, '2023-05-12', 58);
INSERT INTO `Questor`.`VENDA` (`ID_VENDA`, `VL_TOTAL`, `DATA_VENDA`, `ID_CLIENTE`) VALUES (62, 15500.00, '2023-08-15', 59);
INSERT INTO `Questor`.`VENDA` (`ID_VENDA`, `VL_TOTAL`, `DATA_VENDA`, `ID_CLIENTE`) VALUES (63, 12800.00, '2023-09-30', 60);
INSERT INTO `Questor`.`VENDA` (`ID_VENDA`, `VL_TOTAL`, `DATA_VENDA`, `ID_CLIENTE`) VALUES (64, 13600.00, '2022-07-01', 61);
INSERT INTO `Questor`.`VENDA` (`ID_VENDA`, `VL_TOTAL`, `DATA_VENDA`, `ID_CLIENTE`) VALUES (65, 14000.00, '2022-12-11', 62);
INSERT INTO `Questor`.`VENDA` (`ID_VENDA`, `VL_TOTAL`, `DATA_VENDA`, `ID_CLIENTE`) VALUES (66, 15000.00, '2023-10-23', 63);
INSERT INTO `Questor`.`VENDA` (`ID_VENDA`, `VL_TOTAL`, `DATA_VENDA`, `ID_CLIENTE`) VALUES (67, 12500.00, '2023-05-01', 64);
INSERT INTO `Questor`.`VENDA` (`ID_VENDA`, `VL_TOTAL`, `DATA_VENDA`, `ID_CLIENTE`) VALUES (68, 11800.00, '2023-07-05', 65);
INSERT INTO `Questor`.`VENDA` (`ID_VENDA`, `VL_TOTAL`, `DATA_VENDA`, `ID_CLIENTE`) VALUES (69, 12250.00, '2023-08-08', 66);
INSERT INTO `Questor`.`VENDA` (`ID_VENDA`, `VL_TOTAL`, `DATA_VENDA`, `ID_CLIENTE`) VALUES (101, 30000, '2024-11-28', 64);
INSERT INTO `Questor`.`VENDA` (`ID_VENDA`, `VL_TOTAL`, `DATA_VENDA`, `ID_CLIENTE`) VALUES (102, 60000, '2024-08-15', 66);
INSERT INTO `Questor`.`VENDA` (`ID_VENDA`, `VL_TOTAL`, `DATA_VENDA`, `ID_CLIENTE`) VALUES (103, 60000, '2024-11-10', 66);

INSERT INTO `Questor`.`ITEM` (`ID_ITEM`, `ID_VENDA`, `VL_ITEM`, `QUANTIDADE`, `ID_MODELO`) VALUES (113, 51, 5700.00, 2, 1);
INSERT INTO `Questor`.`ITEM` (`ID_ITEM`, `ID_VENDA`, `VL_ITEM`, `QUANTIDADE`, `ID_MODELO`) VALUES (114, 51, 5900.00, 2, 2);
INSERT INTO `Questor`.`ITEM` (`ID_ITEM`, `ID_VENDA`, `VL_ITEM`, `QUANTIDADE`, `ID_MODELO`) VALUES (115, 52, 5300.00, 2, 3);
INSERT INTO `Questor`.`ITEM` (`ID_ITEM`, `ID_VENDA`, `VL_ITEM`, `QUANTIDADE`, `ID_MODELO`) VALUES (116, 52, 5500.00, 2, 4);
INSERT INTO `Questor`.`ITEM` (`ID_ITEM`, `ID_VENDA`, `VL_ITEM`, `QUANTIDADE`, `ID_MODELO`) VALUES (117, 53, 5700.00, 2, 5);
INSERT INTO `Questor`.`ITEM` (`ID_ITEM`, `ID_VENDA`, `VL_ITEM`, `QUANTIDADE`, `ID_MODELO`) VALUES (118, 53, 5900.00, 2, 6);
INSERT INTO `Questor`.`ITEM` (`ID_ITEM`, `ID_VENDA`, `VL_ITEM`, `QUANTIDADE`, `ID_MODELO`) VALUES (119, 54, 6100.00, 2, 7);
INSERT INTO `Questor`.`ITEM` (`ID_ITEM`, `ID_VENDA`, `VL_ITEM`, `QUANTIDADE`, `ID_MODELO`) VALUES (120, 54, 6300.00, 2, 8);
INSERT INTO `Questor`.`ITEM` (`ID_ITEM`, `ID_VENDA`, `VL_ITEM`, `QUANTIDADE`, `ID_MODELO`) VALUES (121, 55, 6200.00, 2, 1);
INSERT INTO `Questor`.`ITEM` (`ID_ITEM`, `ID_VENDA`, `VL_ITEM`, `QUANTIDADE`, `ID_MODELO`) VALUES (122, 55, 6400.00, 2, 2);
INSERT INTO `Questor`.`ITEM` (`ID_ITEM`, `ID_VENDA`, `VL_ITEM`, `QUANTIDADE`, `ID_MODELO`) VALUES (123, 56, 6500.00, 2, 3);
INSERT INTO `Questor`.`ITEM` (`ID_ITEM`, `ID_VENDA`, `VL_ITEM`, `QUANTIDADE`, `ID_MODELO`) VALUES (124, 56, 6700.00, 2, 4);
INSERT INTO `Questor`.`ITEM` (`ID_ITEM`, `ID_VENDA`, `VL_ITEM`, `QUANTIDADE`, `ID_MODELO`) VALUES (125, 57, 6600.00, 2, 5);
INSERT INTO `Questor`.`ITEM` (`ID_ITEM`, `ID_VENDA`, `VL_ITEM`, `QUANTIDADE`, `ID_MODELO`) VALUES (126, 57, 6800.00, 2, 6);
INSERT INTO `Questor`.`ITEM` (`ID_ITEM`, `ID_VENDA`, `VL_ITEM`, `QUANTIDADE`, `ID_MODELO`) VALUES (127, 58, 6900.00, 2, 7);
INSERT INTO `Questor`.`ITEM` (`ID_ITEM`, `ID_VENDA`, `VL_ITEM`, `QUANTIDADE`, `ID_MODELO`) VALUES (128, 58, 7100.00, 2, 8);
INSERT INTO `Questor`.`ITEM` (`ID_ITEM`, `ID_VENDA`, `VL_ITEM`, `QUANTIDADE`, `ID_MODELO`) VALUES (129, 59, 6400.00, 2, 1);
INSERT INTO `Questor`.`ITEM` (`ID_ITEM`, `ID_VENDA`, `VL_ITEM`, `QUANTIDADE`, `ID_MODELO`) VALUES (130, 59, 6600.00, 2, 2);
INSERT INTO `Questor`.`ITEM` (`ID_ITEM`, `ID_VENDA`, `VL_ITEM`, `QUANTIDADE`, `ID_MODELO`) VALUES (131, 60, 5700.00, 2, 3);
INSERT INTO `Questor`.`ITEM` (`ID_ITEM`, `ID_VENDA`, `VL_ITEM`, `QUANTIDADE`, `ID_MODELO`) VALUES (132, 60, 5900.00, 2, 4);
INSERT INTO `Questor`.`ITEM` (`ID_ITEM`, `ID_VENDA`, `VL_ITEM`, `QUANTIDADE`, `ID_MODELO`) VALUES (133, 61, 6100.00, 2, 5);
INSERT INTO `Questor`.`ITEM` (`ID_ITEM`, `ID_VENDA`, `VL_ITEM`, `QUANTIDADE`, `ID_MODELO`) VALUES (134, 61, 6300.00, 2, 6);
INSERT INTO `Questor`.`ITEM` (`ID_ITEM`, `ID_VENDA`, `VL_ITEM`, `QUANTIDADE`, `ID_MODELO`) VALUES (135, 62, 6400.00, 2, 7);
INSERT INTO `Questor`.`ITEM` (`ID_ITEM`, `ID_VENDA`, `VL_ITEM`, `QUANTIDADE`, `ID_MODELO`) VALUES (136, 62, 6600.00, 2, 8);
INSERT INTO `Questor`.`ITEM` (`ID_ITEM`, `ID_VENDA`, `VL_ITEM`, `QUANTIDADE`, `ID_MODELO`) VALUES (137, 63, 6500.00, 2, 1);
INSERT INTO `Questor`.`ITEM` (`ID_ITEM`, `ID_VENDA`, `VL_ITEM`, `QUANTIDADE`, `ID_MODELO`) VALUES (138, 63, 6700.00, 2, 2);
INSERT INTO `Questor`.`ITEM` (`ID_ITEM`, `ID_VENDA`, `VL_ITEM`, `QUANTIDADE`, `ID_MODELO`) VALUES (139, 64, 6900.00, 2, 3);
INSERT INTO `Questor`.`ITEM` (`ID_ITEM`, `ID_VENDA`, `VL_ITEM`, `QUANTIDADE`, `ID_MODELO`) VALUES (140, 64, 7100.00, 2, 4);
INSERT INTO `Questor`.`ITEM` (`ID_ITEM`, `ID_VENDA`, `VL_ITEM`, `QUANTIDADE`, `ID_MODELO`) VALUES (141, 65, 6800.00, 2, 5);
INSERT INTO `Questor`.`ITEM` (`ID_ITEM`, `ID_VENDA`, `VL_ITEM`, `QUANTIDADE`, `ID_MODELO`) VALUES (142, 65, 7000.00, 2, 6);
INSERT INTO `Questor`.`ITEM` (`ID_ITEM`, `ID_VENDA`, `VL_ITEM`, `QUANTIDADE`, `ID_MODELO`) VALUES (143, 66, 6900.00, 2, 7);
INSERT INTO `Questor`.`ITEM` (`ID_ITEM`, `ID_VENDA`, `VL_ITEM`, `QUANTIDADE`, `ID_MODELO`) VALUES (144, 66, 7100.00, 2, 8);
INSERT INTO `Questor`.`ITEM` (`ID_ITEM`, `ID_VENDA`, `VL_ITEM`, `QUANTIDADE`, `ID_MODELO`) VALUES (145, 67, 7300.00, 2, 1);
INSERT INTO `Questor`.`ITEM` (`ID_ITEM`, `ID_VENDA`, `VL_ITEM`, `QUANTIDADE`, `ID_MODELO`) VALUES (146, 67, 7500.00, 2, 2);
INSERT INTO `Questor`.`ITEM` (`ID_ITEM`, `ID_VENDA`, `VL_ITEM`, `QUANTIDADE`, `ID_MODELO`) VALUES (147, 68, 7600.00, 2, 3);
INSERT INTO `Questor`.`ITEM` (`ID_ITEM`, `ID_VENDA`, `VL_ITEM`, `QUANTIDADE`, `ID_MODELO`) VALUES (148, 68, 7800.00, 2, 4);
INSERT INTO `Questor`.`ITEM` (`ID_ITEM`, `ID_VENDA`, `VL_ITEM`, `QUANTIDADE`, `ID_MODELO`) VALUES (149, 69, 7900.00, 2, 5);
INSERT INTO `Questor`.`ITEM` (`ID_ITEM`, `ID_VENDA`, `VL_ITEM`, `QUANTIDADE`, `ID_MODELO`) VALUES (150, 69, 8100.00, 2, 6);
INSERT INTO `Questor`.`ITEM` (`ID_ITEM`, `ID_VENDA`, `VL_ITEM`, `QUANTIDADE`, `ID_MODELO`) VALUES (101, 101, 30000, 1, 1);
INSERT INTO `Questor`.`ITEM` (`ID_ITEM`, `ID_VENDA`, `VL_ITEM`, `QUANTIDADE`, `ID_MODELO`) VALUES (102, 102, 30000, 1, 1); 
INSERT INTO `Questor`.`ITEM` (`ID_ITEM`, `ID_VENDA`, `VL_ITEM`, `QUANTIDADE`, `ID_MODELO`) VALUES (103, 103, 30000, 1, 1); 
